{"cameraMode":{"drawMode":0,"name":"Shaded","section":"Shading Mode"},"sceneLighting":true,"audioPlay":false,"sceneViewState":{"showFog":true,"showMaterialUpdate":false,"showSkybox":true,"showFlares":true,"showImageEffects":true,"showParticleSystems":true},"in2DMode":false,"pivot":{"x":17.43053436279297,"y":15.762577056884766,"z":23.021785736083986},"rotation":{"x":0.2281738966703415,"y":-0.5607172846794128,"z":0.16427701711654664,"w":0.7788105607032776},"size":108.86351013183594,"orthographic":false}